{
    "name": "player",
    "nodes": [
        {
            "children": [],
            "frame_index": 0,
            "name": "Head.png",
            "node_path": "Head.png",
            "offset": [
                -116,
                478
            ],
            "opacity": 1.0,
            "pivot_offset": [
                0.0,
                0.0
            ],
            "position": [
                66,
                0
            ],
            "resource_path": "sprites/Head.png",
            "rotation": 0.0,
            "scale": [
                1.0,
                1.0
            ],
            "tiles_x": 1,
            "tiles_y": 1,
            "type": "SPRITE",
            "z": 0
        },
        {
            "children": [],
            "frame_index": 0,
            "name": "Upperarm right.png",
            "node_path": "Upperarm right.png",
            "offset": [
                -116,
                478
            ],
            "opacity": 1.0,
            "pivot_offset": [
                0.0,
                0.0
            ],
            "position": [
                14,
                153
            ],
            "resource_path": "sprites/Upperarm right.png",
            "rotation": 0.0,
            "scale": [
                1.0,
                1.0
            ],
            "tiles_x": 1,
            "tiles_y": 1,
            "type": "SPRITE",
            "z": -1
        },
        {
            "children": [],
            "frame_index": 0,
            "name": "Forearm right.png",
            "node_path": "Forearm right.png",
            "offset": [
                -116,
                478
            ],
            "opacity": 1.0,
            "pivot_offset": [
                0.0,
                0.0
            ],
            "position": [
                16,
                312
            ],
            "resource_path": "sprites/Forearm right.png",
            "rotation": 0.0,
            "scale": [
                1.0,
                1.0
            ],
            "tiles_x": 1,
            "tiles_y": 1,
            "type": "SPRITE",
            "z": -2
        },
        {
            "children": [],
            "frame_index": 0,
            "name": "Upperleg right.png",
            "node_path": "Upperleg right.png",
            "offset": [
                -116,
                478
            ],
            "opacity": 1.0,
            "pivot_offset": [
                0.0,
                0.0
            ],
            "position": [
                0,
                398
            ],
            "resource_path": "sprites/Upperleg right.png",
            "rotation": 0.0,
            "scale": [
                1.0,
                1.0
            ],
            "tiles_x": 1,
            "tiles_y": 1,
            "type": "SPRITE",
            "z": -3
        },
        {
            "children": [],
            "frame_index": 0,
            "name": "Lowerleg right.png",
            "node_path": "Lowerleg right.png",
            "offset": [
                -116,
                478
            ],
            "opacity": 1.0,
            "pivot_offset": [
                0.0,
                0.0
            ],
            "position": [
                15,
                653
            ],
            "resource_path": "sprites/Lowerleg right.png",
            "rotation": 0.0,
            "scale": [
                1.0,
                1.0
            ],
            "tiles_x": 1,
            "tiles_y": 1,
            "type": "SPRITE",
            "z": -4
        },
        {
            "children": [],
            "frame_index": 0,
            "name": "Body.png",
            "node_path": "Body.png",
            "offset": [
                -116,
                478
            ],
            "opacity": 1.0,
            "pivot_offset": [
                0.0,
                0.0
            ],
            "position": [
                6,
                64
            ],
            "resource_path": "sprites/Body.png",
            "rotation": 0.0,
            "scale": [
                1.0,
                1.0
            ],
            "tiles_x": 1,
            "tiles_y": 1,
            "type": "SPRITE",
            "z": -5
        },
        {
            "children": [],
            "frame_index": 0,
            "name": "Upperarm left.png",
            "node_path": "Upperarm left.png",
            "offset": [
                -116,
                478
            ],
            "opacity": 1.0,
            "pivot_offset": [
                0.0,
                0.0
            ],
            "position": [
                80,
                138
            ],
            "resource_path": "sprites/Upperarm left.png",
            "rotation": 0.0,
            "scale": [
                1.0,
                1.0
            ],
            "tiles_x": 1,
            "tiles_y": 1,
            "type": "SPRITE",
            "z": -6
        },
        {
            "children": [],
            "frame_index": 0,
            "name": "Forearm left.png",
            "node_path": "Forearm left.png",
            "offset": [
                -116,
                478
            ],
            "opacity": 1.0,
            "pivot_offset": [
                0.0,
                0.0
            ],
            "position": [
                132,
                301
            ],
            "resource_path": "sprites/Forearm left.png",
            "rotation": 0.0,
            "scale": [
                1.0,
                1.0
            ],
            "tiles_x": 1,
            "tiles_y": 1,
            "type": "SPRITE",
            "z": -7
        },
        {
            "children": [],
            "frame_index": 0,
            "name": "Upperleg left.png",
            "node_path": "Upperleg left.png",
            "offset": [
                -116,
                478
            ],
            "opacity": 1.0,
            "pivot_offset": [
                0.0,
                0.0
            ],
            "position": [
                32,
                373
            ],
            "resource_path": "sprites/Upperleg left.png",
            "rotation": 0.0,
            "scale": [
                1.0,
                1.0
            ],
            "tiles_x": 1,
            "tiles_y": 1,
            "type": "SPRITE",
            "z": -8
        },
        {
            "children": [],
            "frame_index": 0,
            "name": "Lowerleg left.png",
            "node_path": "Lowerleg left.png",
            "offset": [
                -116,
                478
            ],
            "opacity": 1.0,
            "pivot_offset": [
                0.0,
                0.0
            ],
            "position": [
                91,
                615
            ],
            "resource_path": "sprites/Lowerleg left.png",
            "rotation": 0.0,
            "scale": [
                1.0,
                1.0
            ],
            "tiles_x": 1,
            "tiles_y": 1,
            "type": "SPRITE",
            "z": -9
        }
    ]
}