{
    "Objects": [
        {
            "Name": "key-obj.png",
            "Position": [
                599,
                482
            ],
            "Texture": "key-obj.png"
        },
        {
            "Area": [
                563,
                228,
                568,
                121,
                610,
                124,
                666,
                130,
                665,
                219,
                665,
                330,
                616,
                330,
                560,
                330,
                563,
                228
            ],
            "Name": "Door2-obj"
        },
        {
            "Area": [
                141,
                229,
                146,
                108,
                204,
                108,
                268,
                109,
                266,
                220,
                265,
                366,
                203,
                362,
                141,
                358,
                141,
                229
            ],
            "Name": "Door-obj"
        },
        {
            "Area": [
                781,
                179,
                781,
                123,
                845,
                113,
                925,
                101,
                920,
                200,
                916,
                294,
                845,
                274,
                781,
                257,
                781,
                179
            ],
            "Name": "Window-obj"
        }
    ],
    "Scenes": [
        {
            "Background": "background.png",
            "Name": "room",
            "Obstacles": [
                [
                    [
                        565,
                        485,
                        551,
                        461,
                        556,
                        424,
                        582,
                        402,
                        608,
                        403,
                        641,
                        412,
                        658,
                        437,
                        658,
                        466,
                        647,
                        486,
                        605,
                        496,
                        587,
                        497,
                        565,
                        485
                    ]
                ]
            ],
            "WalkArea": [
                429,
                342,
                558,
                342,
                667,
                341,
                747,
                395,
                878,
                479,
                955,
                531,
                877,
                528,
                757,
                528,
                555,
                528,
                349,
                527,
                235,
                530,
                93,
                531,
                1,
                532,
                5,
                455,
                110,
                381,
                260,
                377,
                397,
                382,
                433,
                383,
                429,
                342
            ]
        }
    ]
}